Year,Kid total,Poor kid total,Poor kid percent,Fam kid total,Poor fam kid total,Poor fam kid percent,Middle total,Poor middle total,Poor middle percent,Old total,Poor old total,Poor old percent
ALL RACES,,,,,,,,,,,,
2021,"72,936","11,149",15.3,"72,129","10,796",15,"199,062","20,982",10.5,"56,193","5,802",10.3
20201,"73,541","11,789",16,"72,755","11,439",15.7,"199,753","20,907",10.5,"54,276","4,852",8.9
2019,"72,637","10,466",14.4,"71,854","10,165",14.1,"197,475","18,660",9.4,"54,642","4,858",8.9
2018,"73,284","11,869",16.2,"72,425","11,491",15.9,"197,775","21,130",10.7,"52,788","5,146",9.7
20172,"73,470","12,759",17.4,"72,612","12,358",17,"198,012","21,913",11.1,"51,066","4,893",9.6
2017,"73,356","12,808",17.5,"72,532","12,439",17.1,"198,113","22,209",11.2,"51,080","4,681",9.2
2016,"73,586","13,253",18,"72,674","12,803",17.6,"197,051","22,795",11.6,"49,274","4,568",9.3
2015,"73,647","14,509",19.7,"72,558","13,962",19.2,"197,260","24,414",12.4,"47,547","4,201",8.8
2014,"73,556","15,540",21.1,"72,383","14,987",20.7,"196,254","26,527",13.5,"45,994","4,590",10
20133,"73,439","15,801",21.5,"72,246","15,116",20.9,"194,694","25,899",13.3,"44,963","4,569",10.2
20134,"73,625","14,659",19.9,"72,573","14,142",19.5,"194,833","26,429",13.6,"44,508","4,231",9.5
2012,"73,719","16,073",21.8,"72,545","15,437",21.3,"193,642","26,497",13.7,"43,287","3,926",9.1
2011,"73,737","16,134",21.9,"72,568","15,539",21.4,"193,213","26,492",13.7,"41,507","3,620",8.7
20105,"73,873","16,286",22,"72,581","15,598",21.5,"192,481","26,499",13.8,"39,777","3,558",8.9
2009,"74,579","15,451",20.7,"73,410","14,774",20.1,"190,627","24,684",12.9,"38,613","3,433",8.9
2008,"74,068","14,068",19,"72,980","13,507",18.5,"189,185","22,105",11.7,"37,788","3,656",9.7
2007,"73,996","13,324",18,"72,792","12,802",17.6,"187,913","20,396",10.9,"36,790","3,556",9.7
2006,"73,727","12,827",17.4,"72,609","12,299",16.9,"186,688","20,239",10.8,"36,035","3,394",9.4
2005,"73,285","12,896",17.6,"72,095","12,335",17.1,"184,345","20,450",11.1,"35,505","3,603",10.1
20046,"73,241","13,041",17.8,"72,133","12,473",17.3,"182,166","20,545",11.3,"35,209","3,453",9.8
2003,"72,999","12,866",17.6,"71,907","12,340",17.2,"180,041","19,443",10.8,"34,659","3,552",10.2
2002,"72,696","12,133",16.7,"71,619","11,646",16.3,"178,388","18,861",10.6,"34,234","3,576",10.4
2001,"72,021","11,733",16.3,"70,950","11,175",15.8,"175,685","17,760",10.1,"33,769","3,414",10.1
20007,"71,741","11,587",16.2,"70,538","11,005",15.6,"173,638","16,671",9.6,"33,566","3,323",9.9
19998,"71,685","12,280",17.1,"70,424","11,678",16.6,"171,146","17,289",10.1,"33,377","3,222",9.7
1998,"71,338","13,467",18.9,"70,253","12,845",18.3,"167,327","17,623",10.5,"32,394","3,386",10.5
1997,"71,069","14,113",19.9,"69,844","13,422",19.2,"165,329","18,085",10.9,"32,082","3,376",10.5
1996,"70,650","14,463",20.5,"69,411","13,764",19.8,"163,691","18,638",11.4,"31,877","3,428",10.8
19959,"70,566","14,665",20.8,"69,425","13,999",20.2,"161,508","18,442",11.4,"31,658","3,318",10.5
199410,"70,020","15,289",21.8,"68,819","14,610",21.2,"160,329","19,107",11.9,"31,267","3,663",11.7
199311,"69,292","15,727",22.7,"68,040","14,961",22,"159,208","19,781",12.4,"30,779","3,755",12.2
199212,"68,440","15,294",22.3,"67,256","14,521",21.6,"157,680","18,793",11.9,"30,430","3,928",12.9
199113,"65,918","14,341",21.8,"64,800","13,658",21.1,"154,684","17,586",11.4,"30,590","3,781",12.4
1990,"65,049","13,431",20.6,"63,908","12,715",19.9,"153,502","16,496",10.7,"30,093","3,658",12.2
1989,"64,144","12,590",19.6,"63,225","12,001",19,"152,282","15,575",10.2,"29,566","3,363",11.4
198814,"63,747","12,455",19.5,"62,906","11,935",19,"150,761","15,809",10.5,"29,022","3,481",12
198714,"63,294","12,843",20.3,"62,423","12,275",19.7,"149,201","15,815",10.6,"28,487","3,563",12.5
1986,"62,948","12,876",20.5,"62,009","12,257",19.8,"147,631","16,017",10.8,"27,975","3,477",12.4
198515,"62,876","13,010",20.7,"62,019","12,483",20.1,"146,396","16,598",11.3,"27,322","3,456",12.6
198416,"62,447","13,420",21.5,"61,681","12,929",21,"144,551","16,952",11.7,"26,818","3,330",12.4
1983,"62,334","13,911",22.3,"61,578","13,427",21.8,"143,052","17,767",12.4,"26,313","3,625",13.8
1982,"62,345","13,647",21.9,"61,565","13,139",21.3,"141,328","17,000",12,"25,738","3,751",14.6
198117,"62,449","12,505",20,"61,756","12,068",19.5,"139,477","15,464",11.1,"25,231","3,853",15.3
1980,"62,914","11,543",18.3,"62,168","11,114",17.9,"137,428","13,858",10.1,"24,686","3,871",15.7
197918,"63,375","10,377",16.4,"62,646","9,993",16,"135,333","12,014",8.9,"24,194","3,682",15.2
1978,"62,311","9,931",15.9,"61,987","9,722",15.7,"130,169","11,332",8.7,"23,175","3,233",14
1977,"63,137","10,288",16.2,"62,823","10,028",16,"128,262","11,316",8.8,"22,468","3,177",14.1
1976,"64,028","10,273",16,"63,729","10,081",15.8,"126,175","11,389",9,"22,100","3,313",15
1975,"65,079","11,104",17.1,"64,750","10,882",16.8,"124,122","11,456",9.2,"21,662","3,317",15.3
197419,"66,134","10,156",15.4,"65,802","9,967",15.1,"122,101","10,132",8.3,"21,127","3,085",14.6
1973,"66,959","9,642",14.4,"66,626","9,453",14.2,"120,060","9,977",8.3,"20,602","3,354",16.3
197220,"67,930","10,284",15.1,"67,592","10,082",14.9,"117,957","10,438",8.8,"20,117","3,738",18.6
197121,"68,816","10,551",15.3,"68,474","10,344",15.1,"115,911","10,735",9.3,"19,827","4,273",21.6
1970,"69,159","10,440",15.1,"68,815","10,235",14.9,"113,554","10,187",9,"19,470","4,793",24.6
1969,"69,090","9,691",14,"68,746","9,501",13.8,"111,528","9,669",8.7,"18,899","4,787",25.3
1968,"70,385","10,954",15.6,"70,035","10,739",15.3,"108,684","9,803",9,"18,559","4,632",25
196722,"70,408","11,656",16.6,"70,058","11,427",16.3,"107,024","10,725",10,"18,240","5,388",29.5
1966,"70,218","12,389",17.6,"69,869","12,146",17.4,"105,241","11,007",10.5,"17,929","5,114",28.5
1965,"69,986","14,676",21,"69,638","14,388",20.7,N,N,N,N,N,N
1964,"69,711","16,051",23,"69,364","15,736",22.7,N,N,N,N,N,N
1963,"69,181","16,005",23.1,"68,837","15,691",22.8,N,N,N,N,N,N
1962,"67,722","16,963",25,"67,385","16,630",24.7,N,N,N,N,N,N
1961,"66,121","16,909",25.6,"65,792","16,577",25.2,N,N,N,N,N,N
1960,"65,601","17,634",26.9,"65,275","17,288",26.5,N,N,N,N,N,N
1959,"64,315","17,552",27.3,"63,995","17,208",26.9,"96,685","16,457",17,"15,557","5,481",35.2
WHITE ALONE23,,,,,,,,,,,,
2021,"51,693","6,631",12.8,"51,098","6,392",12.5,"150,671","14,052",9.3,"46,545","4,236",9.1
20201,"52,334","7,313",14,"51,735","7,053",13.6,"151,424","14,357",9.5,"45,326","3,513",7.8
2019,"52,494","6,443",12.3,"51,866","6,209",12,"149,832","12,535",8.4,"45,760","3,534",7.7
2018,"52,763","7,049",13.4,"52,153","6,783",13,"150,564","14,133",9.4,"44,307","3,762",8.5
20172,"53,101","7,796",14.7,"52,481","7,520",14.3,"151,156","14,653",9.7,"42,999","3,577",8.3
2017,"53,022","8,041",15.2,"52,412","7,772",14.8,"151,259","15,027",9.9,"42,991","3,368",7.8
2016,"53,319","8,324",15.6,"52,594","7,963",15.1,"151,044","15,467",10.2,"41,623","3,322",8
2015,"53,550","9,204",17.2,"52,786","8,838",16.7,"151,731","16,325",10.8,"40,254","3,037",7.5
2014,"53,637","9,602",17.9,"52,732","9,172",17.4,"151,562","18,086",11.9,"39,054","3,400",8.7
20133,"53,638","10,296",19.2,"52,657","9,702",18.4,"151,234","17,629",11.7,"38,475","3,362",8.7
20134,"53,846","8,808",16.4,"53,074","8,428",15.9,"151,334","17,931",11.8,"37,905","3,197",8.4
2012,"54,066","9,979",18.5,"53,201","9,547",17.9,"151,042","17,946",11.9,"37,039","2,891",7.8
2011,"54,186","10,103",18.6,"53,268","9,643",18.1,"151,416","18,007",11.9,"35,732","2,739",7.7
20105,"54,490","10,092",18.5,"53,573","9,590",17.9,"151,218","18,353",12.1,"34,274","2,638",7.7
2009,"56,266","9,938",17.7,"55,397","9,440",17,"152,367","17,391",11.4,"33,414","2,501",7.5
2008,"56,153","8,863",15.8,"55,339","8,441",15.3,"151,681","15,356",10.1,"32,714","2,771",8.5
2007,"56,419","8,395",14.9,"55,483","8,002",14.4,"150,875","14,135",9.4,"31,839","2,590",8.1
2006,"56,205","7,908",14.1,"55,330","7,522",13.6,"150,143","14,035",9.3,"31,270","2,473",7.9
2005,"56,075","8,085",14.4,"55,152","7,652",13.9,"148,450","14,086",9.5,"30,905","2,700",8.7
20046,"56,053","8,308",14.8,"55,212","7,876",14.3,"146,974","14,486",9.9,"30,714","2,534",8.3
2003,"55,779","7,985",14.3,"54,989","7,624",13.9,"145,783","13,622",9.3,"30,303","2,666",8.8
2002,"55,703","7,549",13.6,"54,900","7,203",13.1,"144,694","13,178",9.1,"29,980","2,739",9.1
WHITE24,,,,,,,,,,,,
2001,"56,089","7,527",13.4,"55,238","7,086",12.8,"143,796","12,555",8.7,"29,790","2,656",8.9
20007,"55,980","7,307",13.1,"55,021","6,834",12.4,"142,164","11,754",8.3,"29,703","2,584",8.7
19998,"55,833","7,639",13.7,"54,873","7,194",13.1,"139,974","12,085",8.6,"29,553","2,446",8.3
1998,"56,016","8,443",15.1,"55,126","7,935",14.4,"138,061","12,456",9,"28,759","2,555",8.9
1997,"55,863","8,990",16.1,"54,870","8,441",15.4,"136,784","12,838",9.4,"28,553","2,569",9
1996,"55,606","9,044",16.3,"54,599","8,488",15.5,"135,586","12,940",9.5,"28,464","2,667",9.4
19959,"55,444","8,981",16.2,"54,532","8,474",15.5,"134,149","12,869",9.6,"28,436","2,572",9
199410,"55,186","9,346",16.9,"54,221","8,826",16.3,"133,289","13,187",9.9,"27,985","2,846",10.2
199311,"54,639","9,752",17.8,"53,614","9,123",17,"132,680","13,535",10.2,"27,580","2,939",10.7
199212,"54,110","9,399",17.4,"53,110","8,752",16.5,"131,694","12,871",9.8,"27,256","2,989",11
199113,"52,523","8,848",16.8,"51,627","8,316",16.1,"130,312","12,097",9.3,"27,297","2,802",10.3
1990,"51,929","8,232",15.9,"51,028","7,696",15.1,"129,784","11,387",8.8,"26,898","2,707",10.1
1989,"51,400","7,599",14.8,"50,704","7,164",14.1,"128,974","10,647",8.3,"26,479","2,539",9.6
198814,"51,203","7,435",14.5,"50,590","7,095",14,"128,031","10,687",8.3,"26,001","2,593",10
198714,"51,012","7,788",15.3,"50,360","7,398",14.7,"126,991","10,703",8.4,"25,602","2,704",10.6
1986,"51,111","8,209",16.1,"50,356","7,714",15.3,"125,998","11,285",9,"25,173","2,689",10.7
198515,"51,031","8,253",16.2,"50,358","7,838",15.6,"125,258","11,909",9.5,"24,629","2,698",11
198416,"50,814","8,472",16.7,"50,192","8,086",16.1,"123,922","11,904",9.6,"24,206","2,579",10.7
1983,"50,726","8,862",17.5,"50,183","8,534",17,"123,014","12,347",10,"23,754","2,776",11.7
1982,"50,920","8,678",17,"50,305","8,282",16.5,"121,766","11,971",9.8,"23,234","2,870",12.4
198117,"51,140","7,785",15.2,"50,553","7,429",14.7,"120,574","10,790",8.9,"22,791","2,978",13.1
1980,"51,653","7,181",13.9,"51,002","6,817",13.4,"118,935","9,478",8,"22,325","3,042",13.6
197918,"52,262","6,193",11.8,"51,687","5,909",11.4,"117,583","8,110",6.9,"21,898","2,911",13.3
1978,"51,669","5,831",11.3,"51,409","5,674",11,"113,832","7,897",6.9,"20,950","2,530",12.1
1977,"52,563","6,097",11.6,"52,299","5,943",11.4,"112,374","7,893",7,"20,316","2,426",11.9
1976,"53,428","6,189",11.6,"53,167","6,034",11.3,"110,717","7,890",7.1,"20,020","2,633",13.2
1975,"54,405","6,927",12.7,"54,126","6,748",12.5,"109,105","8,210",7.5,"19,654","2,634",13.4
197419,"55,590","6,223",11.2,"55,320","6,079",11,"107,579","7,053",6.6,"19,206","2,460",12.8
1973,N,N,N,"56,211","5,462",9.7,N,N,N,N,"2,698",14.4
197220,N,N,N,"57,181","5,784",10.1,N,N,N,N,"3,072",16.8
197121,N,N,N,"58,119","6,341",10.9,N,N,N,N,"3,605",19.9
1970,N,N,N,"58,472","6,138",10.5,N,N,N,N,"4,011",22.6
1969,N,N,N,"58,578","5,667",9.7,N,N,N,N,"4,052",23.3
1968,N,N,N,N,"6,373",10.7,N,N,N,"17,062","3,939",23.1
196722,N,N,N,N,"6,729",11.3,N,N,N,"16,791","4,646",27.7
1966,N,N,N,N,"7,204",12.1,N,N,N,"16,514","4,357",26.4
1965,N,N,N,N,"8,595",14.4,N,N,N,N,N,N
1960,N,N,N,N,"11,229",20,N,N,N,N,N,N
1959,N,N,N,N,"11,386",20.6,N,N,N,N,"4,744",33.1
"WHITE ALONE, NOT HISPANIC23",,,,,,,,,,,,
2021,"35,902","3,162",8.8,"35,522","3,013",8.5,"116,561","9,289",8,"41,845","3,354",8
20201,"36,452","3,593",9.9,"36,071","3,454",9.6,"117,763","9,677",8.2,"40,863","2,768",6.8
2019,"36,391","3,030",8.3,"35,976","2,886",8,"116,810","8,321",7.1,"41,442","2,801",6.8
2018,"36,619","3,265",8.9,"36,245","3,107",8.6,"117,979","9,510",8.1,"40,218","2,951",7.3
20172,"37,122","3,793",10.2,"36,727","3,614",9.8,"118,969","9,884",8.3,"39,127","2,942",7.5
2017,"37,047","4,026",10.9,"36,655","3,860",10.5,"119,078","10,230",8.6,"39,131","2,737",7
2016,"37,485","4,050",10.8,"36,982","3,799",10.3,"119,785","10,526",8.8,"37,951","2,687",7.1
2015,"37,859","4,563",12.1,"37,342","4,301",11.5,"120,908","10,812",8.9,"36,682","2,411",6.6
2014,"38,057","4,679",12.3,"37,457","4,440",11.9,"121,424","12,173",10,"35,727","2,801",7.8
20133,"38,167","5,116",13.4,"37,572","4,784",12.7,"121,629","11,691",9.6,"35,322","2,745",7.8
20134,"38,395","4,094",10.7,"37,849","3,833",10.1,"121,991","12,133",9.9,"34,781","2,569",7.4
2012,"38,759","4,782",12.3,"38,167","4,510",11.8,"122,221","11,833",9.7,"34,131","2,324",6.8
2011,"38,955","4,850",12.5,"38,322","4,554",11.9,"123,101","12,112",9.8,"32,904","2,210",6.7
20105,"39,437","4,866",12.3,"38,823","4,544",11.7,"123,731","12,230",9.9,"31,616","2,155",6.8
2009,"40,917","4,850",11.9,"40,319","4,518",11.2,"125,511","11,658",9.3,"30,736","2,022",6.6
2008,"41,309","4,364",10.6,"40,707","4,059",10,"125,482","10,380",8.3,"30,149","2,280",7.6
2007,"41,979","4,255",10.1,"41,304","3,996",9.7,"125,161","9,598",7.7,"29,442","2,179",7.4
2006,"42,212","4,208",10,"41,563","3,930",9.5,"124,847","9,761",7.8,"28,990","2,044",7
2005,"42,523","4,254",10,"41,867","3,973",9.5,"124,326","9,708",7.8,"28,704","2,264",7.9
20046,"42,978","4,519",10.5,"42,363","4,190",9.9,"123,481","10,236",8.3,"28,639","2,153",7.5
2003,"43,150","4,233",9.8,"42,547","3,957",9.3,"123,110","9,391",7.6,"28,335","2,277",8
2002,"43,614","4,090",9.4,"43,017","3,848",8.9,"122,511","9,157",7.5,"28,018","2,321",8.3
"WHITE, NOT HISPANIC24",,,,,,,,,,,,
2001,"44,095","4,194",9.5,"43,459","3,887",8.9,"122,470","8,811",7.2,"27,973","2,266",8.1
20007,"44,244","4,018",9.1,"43,554","3,715",8.5,"121,499","8,130",6.7,"27,948","2,218",7.9
19998,"44,272","4,155",9.4,"43,570","3,832",8.8,"120,341","8,462",7,"27,952","2,118",7.6
1998,"45,355","4,822",10.6,"44,670","4,458",10,"120,282","8,760",7.3,"27,118","2,217",8.2
1997,"45,491","5,204",11.4,"44,665","4,759",10.7,"119,373","9,088",7.6,"26,995","2,200",8.1
1996,"45,605","5,072",11.1,"44,844","4,656",10.4,"118,822","9,074",7.6,"27,033","2,316",8.6
19959,"45,689","5,115",11.2,"44,973","4,745",10.6,"118,228","8,908",7.5,"27,034","2,243",8.3
199410,"46,668","5,823",12.5,"45,874","5,404",11.8,"119,192","9,732",8.2,"26,684","2,556",9.6
199311,"46,096","6,255",13.6,"45,322","5,819",12.8,"118,475","9,964",8.4,"26,272","2,663",10.1
199212,"45,590","6,017",13.2,"44,833","5,558",12.4,"117,386","9,461",8.1,"26,025","2,724",10.5
199113,"45,236","5,918",13.1,"44,506","5,497",12.4,"117,672","9,244",7.9,"26,208","2,580",9.8
1990,"44,797","5,532",12.3,"44,045","5,106",11.6,"117,477","8,619",7.3,"25,854","2,471",9.6
1989,"44,492","5,110",11.5,"43,938","4,779",10.9,"116,983","8,154",7,"25,504","2,335",9.2
198814,"44,438","4,888",11,"43,910","4,594",10.5,"116,479","8,293",7.1,"25,044","2,384",9.5
198714,"44,461","5,230",11.8,"43,907","4,902",11.2,"115,721","8,327",7.2,"24,754","2,472",10
1986,"44,664","5,789",13,"44,041","5,388",12.2,"115,157","8,963",7.8,"24,298","2,492",10.3
198515,"44,752","5,745",12.8,"44,199","5,421",12.3,"114,969","9,608",8.4,"23,734","2,486",10.5
198416,"44,886","6,156",13.7,"44,349","5,828",13.1,"114,180","9,734",8.5,"23,402","2,410",10.3
1983,"44,830","6,649",14.8,"44,374","6,381",14.4,"113,570","10,279",9.1,"22,992","2,610",11.4
1982,"45,531","6,566",14.4,"45,001","6,229",13.8,"113,717","10,082",8.9,"22,655","2,714",12
198117,"45,950","5,946",12.9,"45,440","5,639",12.4,"112,722","9,207",8.2,"22,237","2,834",12.7
1980,"46,578","5,510",11.8,"45,989","5,174",11.3,"111,460","7,990",7.2,"21,760","2,865",13.2
197918,"46,967","4,730",10.1,"46,448","4,476",9.6,"110,509","6,930",6.3,"21,339","2,759",12.9
1978,"46,819","4,506",9.6,"46,606","4,383",9.4,"107,481","6,837",6.4,"20,431","2,412",11.8
1977,"47,689","4,714",9.9,"47,459","4,582",9.7,"106,063","6,772",6.4,"19,812","2,316",11.7
1976,"48,824","4,799",9.8,"48,601","4,664",9.6,"104,846","6,720",6.4,"19,565","2,506",12.8
1975,"49,670","5,342",10.8,"49,421","5,185",10.5,"103,496","7,039",6.8,"19,251","2,503",13
197419,"50,759","4,820",9.5,"50,520","4,697",9.3,"101,894","6,051",5.9,"18,810","2,346",12.5
BLACK ALONE OR IN COMBINATION,,,,,,,,,,,,
2021,"13,440","3,484",25.9,"13,295","3,412",25.7,"28,940","4,776",16.5,"5,845","1,038",17.8
20201,"13,569","3,575",26.3,"13,451","3,515",26.1,"29,202","4,797",16.4,"5,487",939,17.1
2019,"13,023","3,338",25.6,"12,918","3,297",25.5,"28,842","4,531",15.7,"5,394",966,17.9
2018,"13,222","3,773",28.5,"13,061","3,704",28.4,"28,423","4,948",17.4,"5,180",975,18.8
20172,"13,163","3,903",29.7,"12,999","3,816",29.4,"28,231","5,216",18.5,"4,942",930,18.8
2017,"13,187","3,731",28.3,"13,042","3,663",28.1,"28,253","5,142",18.2,"4,952",948,19.1
2016,"13,190","3,916",29.7,"13,084","3,866",29.5,"27,834","5,186",18.6,"4,660",864,18.5
2015,"13,128","4,146",31.6,"12,944","4,052",31.3,"27,653","5,835",21.1,"4,447",816,18.4
2014,"12,875","4,639",36,"12,706","4,564",35.9,"27,442","6,137",22.4,"4,249",805,19
20133,"13,044","4,359",33.4,"12,915","4,325",33.5,"27,056","6,031",22.3,"4,054",772,19
20134,"13,104","4,838",36.9,"12,882","4,730",36.7,"26,923","6,410",23.8,"4,085",712,17.4
2012,"13,108","4,815",36.7,"12,908","4,675",36.2,"26,482","6,265",23.7,"3,993",730,18.3
2011,"12,968","4,849",37.4,"12,815","4,762",37.2,"25,962","6,241",24,"3,718",640,17.2
20105,"13,015","4,923",37.8,"12,759","4,814",37.7,"25,815","6,031",23.4,"3,555",643,18.1
2009,"12,655","4,480",35.4,"12,445","4,349",34.9,"24,815","5,441",21.9,"3,405",655,19.2
2008,"12,388","4,202",33.9,"12,201","4,104",33.6,"24,404","5,017",20.6,"3,305",663,20
2007,"12,380","4,178",33.7,"12,227","4,106",33.6,"23,968","4,742",19.8,"3,215",748,23.3
2006,"12,375","4,086",33,"12,206","3,977",32.6,"23,510","4,652",19.8,"3,128",710,22.7
2005,"12,159","4,074",33.5,"11,975","3,972",33.2,"23,338","4,735",20.3,"3,053",708,23.2
20046,"12,190","4,059",33.3,"12,012","3,962",33,"22,842","4,638",20.3,"3,005",714,23.8
2003,"12,215","4,108",33.6,"11,989","3,977",33.2,"22,355","4,313",19.3,"2,933",688,23.5
2002,"12,114","3,817",31.5,"11,931","3,733",31.3,"22,170","4,376",19.7,"2,922",691,23.6
BLACK ALONE25,,,,,,,,,,,,
2021,"11,187","3,056",27.3,"11,059","2,990",27,"27,114","4,519",16.7,"5,675","1,008",17.8
20201,"11,168","3,086",27.6,"11,080","3,033",27.4,"27,198","4,552",16.7,"5,328",919,17.2
2019,"10,851","2,865",26.4,"10,761","2,831",26.3,"26,857","4,261",15.9,"5,257",947,18
2018,"11,084","3,273",29.5,"10,940","3,212",29.4,"26,644","4,660",17.5,"5,045",951,18.9
20172,"11,005","3,350",30.4,"10,877","3,280",30.2,"26,645","4,960",18.6,"4,827",915,19
2017,"10,991","3,184",29,"10,882","3,134",28.8,"26,648","4,877",18.3,"4,834",932,19.3
2016,"11,115","3,418",30.8,"11,040","3,382",30.6,"26,286","4,963",18.9,"4,561",853,18.7
2015,"11,087","3,651",32.9,"10,928","3,571",32.7,"26,194","5,568",21.3,"4,343",801,18.4
2014,"11,015","4,090",37.1,"10,887","4,036",37.1,"25,954","5,869",22.6,"4,143",796,19.2
20133,"11,003","3,708",33.7,"10,896","3,678",33.8,"25,562","5,742",22.5,"3,933",736,18.7
20134,"11,088","4,244",38.3,"10,916","4,153",38,"25,552","6,099",23.9,"3,975",698,17.6
2012,"11,078","4,201",37.9,"10,931","4,097",37.5,"25,154","6,002",23.9,"3,893",708,18.2
2011,"11,138","4,320",38.8,"11,005","4,247",38.6,"24,831","5,980",24.1,"3,640",630,17.3
20105,"11,173","4,355",39,"10,953","4,271",39,"24,667","5,775",23.4,"3,443",617,17.9
2009,"11,282","4,033",35.7,"11,102","3,919",35.3,"23,953","5,264",22,"3,320",647,19.5
2008,"11,172","3,878",34.7,"10,998","3,781",34.4,"23,565","4,855",20.6,"3,229",646,20
2007,"11,302","3,904",34.5,"11,174","3,838",34.3,"23,213","4,602",19.8,"3,150",731,23.2
2006,"11,315","3,777",33.4,"11,168","3,690",33,"22,907","4,570",19.9,"3,085",701,22.7
2005,"11,136","3,841",34.5,"10,962","3,743",34.2,"22,659","4,627",20.4,"3,007",701,23.3
20046,"11,244","3,788",33.7,"11,080","3,702",33.4,"22,226","4,521",20.3,"2,956",705,23.8
2003,"11,367","3,877",34.1,"11,162","3,750",33.6,"21,746","4,224",19.4,"2,876",680,23.7
2002,"11,275","3,645",32.3,"11,111","3,570",32.1,"21,547","4,277",19.9,"2,856",680,23.8
BLACK24,,,,,,,,,,,,
2001,"11,556","3,492",30.2,"11,419","3,423",30,"21,462","4,018",18.7,"2,853",626,21.9
20007,"11,480","3,581",31.2,"11,296","3,495",30.9,"21,160","3,794",17.9,"2,785",607,21.8
19998,"11,488","3,813",33.2,"11,260","3,698",32.8,"21,518","4,000",18.6,"2,750",628,22.8
1998,"11,317","4,151",36.7,"11,176","4,073",36.4,"20,837","4,222",20.3,"2,723",718,26.4
1997,"11,367","4,225",37.2,"11,193","4,116",36.8,"20,400","4,191",20.5,"2,691",700,26
1996,"11,338","4,519",39.9,"11,155","4,411",39.5,"20,155","4,515",22.4,"2,616",661,25.3
19959,"11,369","4,761",41.9,"11,198","4,644",41.5,"19,892","4,483",22.5,"2,478",629,25.4
199410,"11,211","4,906",43.8,"11,044","4,787",43.3,"19,585","4,590",23.4,"2,557",700,27.4
199311,"11,127","5,125",46.1,"10,969","5,030",45.9,"19,272","5,049",26.2,"2,510",702,28
199212,"10,956","5,106",46.6,"10,823","5,015",46.3,"18,952","4,884",25.8,"2,504",838,33.5
199113,"10,350","4,755",45.9,"10,178","4,637",45.6,"18,355","4,607",25.1,"2,606",880,33.8
1990,"10,162","4,550",44.8,"9,980","4,412",44.2,"18,097","4,427",24.5,"2,547",860,33.8
1989,"10,012","4,375",43.7,"9,847","4,257",43.2,"17,833","4,164",23.3,"2,487",763,30.7
198814,"9,865","4,296",43.5,"9,681","4,148",42.8,"17,548","4,275",24.4,"2,436",785,32.2
198714,"9,730","4,385",45.1,"9,546","4,234",44.4,"17,245","4,361",25.3,"2,387",774,32.4
1986,"9,629","4,148",43.1,"9,467","4,037",42.7,"16,911","4,113",24.3,"2,331",722,31
198515,"9,545","4,157",43.6,"9,405","4,057",43.1,"16,667","4,052",24.3,"2,273",717,31.5
198416,"9,480","4,413",46.6,"9,356","4,320",46.2,"16,369","4,368",26.7,"2,238",710,31.7
1983,"9,417","4,398",46.7,"9,245","4,273",46.2,"16,065","4,694",29.2,"2,197",791,36
1982,"9,400","4,472",47.6,"9,269","4,388",47.3,"15,692","4,415",28.1,"2,124",811,38.2
198117,"9,374","4,237",45.2,"9,291","4,170",44.9,"15,358","4,117",26.8,"2,102",820,39
1980,"9,368","3,961",42.3,"9,287","3,906",42.1,"14,987","3,835",25.6,"2,054",783,38.1
197918,"9,307","3,833",41.2,"9,172","3,745",40.8,"14,596","3,478",23.8,"2,040",740,36.2
1978,"9,229","3,830",41.5,"9,168","3,781",41.2,"13,774","3,133",22.7,"1,954",662,33.9
1977,"9,296","3,888",41.8,"9,253","3,850",41.6,"13,483","3,137",23.3,"1,930",701,36.3
1976,"9,322","3,787",40.6,"9,291","3,758",40.4,"13,224","3,163",23.9,"1,852",644,34.8
1975,"9,421","3,925",41.7,"9,374","3,884",41.4,"12,872","2,968",23.1,"1,795",652,36.3
197419,"9,439","3,755",39.8,"9,384","3,713",39.6,"12,539","2,836",22.6,"1,721",591,34.3
1973,N,N,N,"9,405","3,822",40.6,N,N,N,"1,672",620,37.1
197220,N,N,N,"9,426","4,025",42.7,N,N,N,"1,603",640,39.9
197121,N,N,N,"9,414","3,836",40.4,N,N,N,"1,584",623,39.3
1970,N,N,N,"9,448","3,922",41.5,N,N,N,"1,422",683,48
1969,N,N,N,"9,290","3,677",39.6,N,N,N,"1,373",689,50.2
1968,N,N,N,N,"4,188",N,N,N,N,"1,374",655,47.7
196722,N,N,N,N,"4,558",N,N,N,N,"1,341",715,53.3
1966,N,N,N,N,"4,774",N,N,N,N,"1,311",722,55.1
1965,N,N,N,N,"5,022",N,N,N,N,N,711,62.5
ASIAN ALONE OR IN COMBINATION,,,,,,,,,,,,
2021,"5,612",452,8.1,"5,591",446,8,"14,828","1,257",8.5,"3,011",403,13.4
20201,"5,565",445,8,"5,529",431,7.8,"14,612","1,071",7.3,"2,747",311,11.3
2019,"5,234",329,6.3,"5,198",315,6.1,"14,483","1,007",7,"2,724",252,9.3
2018,"5,158",538,10.4,"5,095",508,10,"14,348","1,334",9.3,"2,539",294,11.6
20172,"5,170",524,10.1,"5,124",505,9.9,"13,993","1,259",9,"2,392",280,11.7
2017,"5,133",537,10.5,"5,088",524,10.3,"13,970","1,303",9.3,"2,408",263,10.9
2016,"4,922",495,10.1,"4,874",477,9.8,"13,581","1,301",9.6,"2,253",266,11.8
2015,"4,728",539,11.4,"4,631",489,10.6,"13,133","1,443",11,"2,176",252,11.6
2014,"4,792",577,12,"4,722",544,11.5,"12,834","1,390",10.8,"2,059",301,14.6
20133,"4,900",628,12.8,"4,858",600,12.4,"12,393","1,457",11.8,"1,889",312,16.5
20134,"4,740",457,9.6,"4,701",442,9.4,"12,374","1,258",10.2,"1,910",259,13.6
2012,"4,557",570,12.5,"4,485",533,11.9,"11,913","1,291",10.8,"1,703",211,12.4
2011,"4,572",607,13.3,"4,495",566,12.6,"11,660","1,397",12,"1,581",185,11.7
20105,"4,308",586,13.6,"4,256",560,13.2,"11,414","1,265",11.1,"1,515",214,14.1
2009,"3,996",531,13.3,"3,946",507,12.9,"9,898","1,154",11.7,"1,378",216,15.7
2008,"3,717",494,13.3,"3,678",476,12.9,"9,507","1,031",10.8,"1,319",162,12.3
2007,"3,606",431,11.9,"3,558",402,11.3,"9,531",892,9.4,"1,293",144,11.2
2006,"3,573",408,11.4,"3,530",398,11.3,"9,553",897,9.4,"1,205",142,11.8
2005,"3,472",359,10.3,"3,435",352,10.2,"9,115",999,11,"1,144",144,12.6
20046,"3,406",329,9.7,"3,367",311,9.2,"8,780",819,9.3,"1,104",147,13.3
2003,"3,316",420,12.7,"3,279",406,12.4,"8,510",956,11.2,"1,065",152,14.2
2002,"3,199",353,11,"3,159",338,10.7,"8,292",804,9.7,995,86,8.7
ASIAN ALONE26,,,,,,,,,,,,
2021,"4,199",371,8.8,"4,185",365,8.7,"13,577","1,167",8.6,"2,900",385,13.3
20201,"4,284",358,8.4,"4,257",347,8.2,"13,422",985,7.3,"2,646",302,11.4
2019,"3,916",286,7.3,"3,887",272,7,"13,373",932,7,"2,638",246,9.3
2018,"3,998",453,11.3,"3,948",426,10.8,"13,292","1,254",9.4,"2,479",289,11.7
20172,"4,058",420,10.4,"4,023",405,10.1,"13,120","1,193",9.1,"2,348",277,11.8
2017,"4,019",455,11.3,"3,985",442,11.1,"13,097","1,244",9.5,"2,358",255,10.8
2016,"3,875",430,11.1,"3,839",412,10.7,"12,796","1,217",9.5,"2,209",261,11.8
2015,"3,786",466,12.3,"3,693",420,11.4,"12,325","1,360",11,"2,130",252,11.8
2014,"3,750",524,14,"3,681",492,13.4,"12,012","1,314",10.9,"2,029",299,14.7
20133,"3,766",555,14.7,"3,746",538,14.4,"11,646","1,393",12,"1,845",307,16.7
20134,"3,651",367,10.1,"3,621",354,9.8,"11,531","1,162",10.1,"1,881",256,13.6
2012,"3,596",497,13.8,"3,542",470,13.3,"11,153","1,220",10.9,"1,669",205,12.3
2011,"3,657",494,13.5,"3,600",466,13,"10,873","1,297",11.9,"1,555",182,11.7
20105,"3,431",494,14.4,"3,399",477,14,"10,696","1,191",11.1,"1,484",214,14.4
2009,"3,311",463,14,"3,271",444,13.6,"9,344","1,069",11.4,"1,350",213,15.8
2008,"3,052",446,14.6,"3,016",430,14.2,"8,961",974,10.9,"1,296",157,12.1
2007,"2,980",374,12.5,"2,932",345,11.8,"9,012",832,9.2,"1,265",143,11.3
2006,"2,956",360,12.2,"2,915",351,12,"9,039",851,9.4,"1,182",142,12
2005,"2,871",317,11.1,"2,842",312,11,"8,591",941,11,"1,118",143,12.8
20046,"2,854",281,9.9,"2,823",265,9.4,"8,294",774,9.3,"1,083",146,13.5
2003,"2,759",344,12.5,"2,726",331,12.1,"8,044",907,11.3,"1,052",151,14.3
2002,"2,683",315,11.7,"2,648",302,11.4,"7,881",764,9.7,977,82,8.4
ASIAN AND PACIFIC ISLANDER24,,,,,,,,,,,,
2001,"3,215",369,11.5,"3,169",353,11.1,"8,352",814,9.7,899,92,10.2
20007,"3,294",420,12.7,"3,256",407,12.5,"8,500",756,8.9,878,82,9.3
19998,"3,212",381,11.9,"3,178",367,11.5,"7,879",807,10.2,864,96,11.1
1998,"3,137",564,18,"3,099",542,17.5,"6,951",698,10,785,97,12.4
1997,"3,096",628,20.3,"3,061",608,19.9,"6,680",753,11.3,705,87,12.3
1996,"2,924",571,19.5,"2,899",553,19.1,"6,484",821,12.7,647,63,9.7
19959,"2,900",564,19.5,"2,858",532,18.6,"6,123",757,12.4,622,89,14.3
199410,"1,739",318,18.3,"1,719",308,17.9,"4,401",589,13.4,513,67,13
199311,"2,061",375,18.2,"2,029",358,17.6,"4,871",680,14,503,79,15.6
199212,"2,218",363,16.4,"2,199",352,16,"5,067",568,11.2,494,53,10.8
199113,"2,056",360,17.5,"2,036",348,17.1,"4,582",565,12.3,555,70,12.7
1990,"2,126",374,17.6,"2,098",356,17,"4,375",422,9.6,514,62,12.1
1989,"1,983",392,19.8,"1,945",368,18.9,"4,225",512,12.1,465,34,7.4
198814,"1,970",474,24.1,"1,949",458,23.5,"4,035",583,14.4,442,60,13.5
198714,"1,937",455,23.5,"1,908",432,22.7,"4,010",510,12.7,375,56,15
AMERICAN INDIAN AND ALASKA NATIVE ALONE OR IN COMBINATION,,,,,,,,,,,,
2021,"2,148",570,26.6,"2,103",536,25.5,"4,111",847,20.6,807,133,16.5
20201,"1,976",411,20.8,"1,947",393,20.2,"4,079",615,15.1,703,85,12.1
2019,"1,896",343,18.1,"1,881",331,17.6,"3,926",611,15.6,719,107,14.9
2018,"2,023",497,24.6,"2,003",489,24.4,"4,072",721,17.7,721,117,16.2
20172,"2,016",549,27.2,"1,993",532,26.7,"4,193",743,17.7,706,110,15.6
2017,"2,002",521,26,"1,981",505,25.5,"4,210",730,17.3,702,105,14.9
2016,"2,067",518,25.1,"2,034",496,24.4,"4,090",757,18.5,679,113,16.6
2015,"2,194",620,28.3,"2,150",584,27.2,"4,281",790,18.5,636,97,15.3
2014,"2,138",620,29,"2,111",604,28.6,"3,937",823,20.9,604,83,13.7
20133,"1,793",525,29.3,"1,755",499,28.4,"3,518",727,20.7,519,121,23.2
20134,"1,971",599,30.4,"1,943",586,30.1,"3,841",821,21.4,556,69,12.5
2012,"1,924",712,37,"1,890",687,36.4,"3,831",961,25.1,529,86,16.3
2011,"1,967",615,31.3,"1,951",607,31.1,"3,808",845,22.2,450,55,12.2
20105,"2,023",690,34.1,"1,956",636,32.5,"3,617",793,21.9,434,69,15.9
2009,"1,637",505,30.9,"1,598",482,30.2,"3,198",659,20.6,409,53,12.9
2008,"1,747",491,28.1,"1,700",470,27.7,"3,281",652,19.9,443,67,15.2
2007,"1,566",357,22.8,"1,498",329,22,"3,286",635,19.3,440,84,19
2006,"1,538",446,29,"1,510",426,28.2,"3,173",632,19.9,422,71,16.8
2005,"1,603",404,25.2,"1,560",388,24.9,"3,230",637,19.7,401,53,13.2
20046,"1,560",371,23.8,"1,511",352,23.3,"3,319",597,18,391,59,15
2003,"1,625",384,23.6,"1,589",366,23,"3,087",508,16.4,349,48,13.8
2002,"1,615",405,25.1,"1,567",365,23.3,"2,907",482,16.6,321,64,20
AMERICAN INDIAN AND ALASKA NATIVE ALONE27,,,,,,,,,,,,
2021,"1,154",341,29.6,"1,120",312,27.8,"2,539",574,22.6,415,82,19.7
20201,"1,098",278,25.4,"1,079",267,24.8,"2,466",454,18.4,386,59,15.3
2019,"1,036",223,21.5,"1,022",211,20.7,"2,301",369,16.1,398,85,21.3
2018,986,278,28.2,972,273,28.1,"2,325",465,20,351,66,18.7
20172,959,278,29,943,267,28.3,"2,323",455,19.6,335,57,17.1
2017,948,253,26.7,935,243,26,"2,335",438,18.8,336,58,17.3
2016,"1,042",265,25.5,"1,019",248,24.4,"2,326",475,20.4,333,71,21.2
2015,"1,298",399,30.8,"1,264",370,29.3,"2,649",536,20.3,323,59,18.4
2014,"1,175",415,35.3,"1,155",402,34.8,"2,317",540,23.3,315,58,18.3
20133,958,295,30.8,952,291,30.6,"1,868",468,25,249,75,30
20134,964,337,34.9,951,324,34.1,"2,114",549,25.9,266,29,10.7
2012,"1,048",473,45.1,"1,019",453,44.4,"2,135",651,30.5,276,60,21.7
2011,943,360,38.2,935,357,38.2,"2,060",530,25.7,207,27,13
20105,938,367,39.1,912,351,38.5,"1,964",492,25,174,28,15.9
2009,813,286,35.1,784,264,33.7,"1,689",413,24.4,169,34,20
2008,887,328,37,859,315,36.7,"1,770",408,23.1,188,34,18
2007,790,207,26.2,742,185,24.9,"1,743",393,22.6,209,49,23.3
2006,734,285,38.8,715,273,38.1,"1,637",413,25.2,166,47,28.2
2005,675,219,32.5,655,214,32.6,"1,426",357,25.1,137,26,18.9
20046,685,207,30.2,668,200,30,"1,478",350,23.7,156,28,17.8
2003,725,218,30,707,208,29.4,"1,385",290,20.9,131,25,19.1
2002,764,250,32.8,730,218,29.8,"1,385",268,19.3,125,29,23.6
AMERICAN INDIAN AND ALASKA NATIVE24,,,,,,,,,,,,
2001,"1,161",344,29.6,"1,124",313,27.9,"2,075",374,18,227,40,17.4
20007,988,279,28.2,965,269,27.9,"1,813",367,20.2,199,50,25.1
19998,"1,152",448,38.9,"1,113",419,37.7,"1,774",397,22.4,210,52,24.7
1998,867,308,35.5,852,295,34.6,"1,478",247,16.7,127,16,12.7
1997,741,270,36.4,720,257,35.7,"1,466",303,20.7,133,21,15.7
1996,782,330,42.2,758,311,41.1,"1,466",364,24.9,150,37,24.5
19959,853,358,42,837,350,41.8,"1,344",331,24.6,124,29,23.3
199410,448,165,36.9,431,154,35.8,940,209,22.2,95,18,18.6
199311,514,172,33.5,502,162,32.3,"1,064",208,19.6,111,19,17.3
199212,648,245,37.8,623,228,36.6,"1,275",319,25,130,36,27.9
199113,670,292,43.5,650,275,42.3,"1,015",245,24.1,108,26,23.7
1990,563,211,37.4,547,196,35.8,892,210,23.5,104,23,22.1
1989,507,161,31.8,497,154,31,839,160,19,100,24,24.2
198814,500,198,39.5,478,182,38.1,843,210,24.9,110,32,28.7
198714,488,178,36.6,481,174,36.2,747,185,24.8,110,23,21.3
TWO OR MORE RACES24,,,,,,,,,,,,
2021,"4,349",673,15.5,"4,315",660,15.3,"4,230",541,12.8,587,83,14.2
20201,"4,293",690,16.1,"4,248",674,15.9,"4,424",471,10.6,503,48,9.6
2019,"4,084",595,14.6,"4,062",587,14.5,"4,330",501,11.6,506,38,7.6
2018,"4,126",763,18.5,"4,088",745,18.2,"4,159",552,13.3,508,65,12.8
20172,"3,981",835,21,"3,928",808,20.6,"3,975",546,13.7,467,60,12.9
2017,"4,011",808,20.2,"3,958",785,19.8,"3,995",541,13.5,469,59,12.7
2016,"3,879",736,19,"3,826",719,18.8,"3,764",521,13.8,451,55,12.3
2015,"3,658",736,20.1,"3,620",713,19.7,"3,556",543,15.3,408,44,10.8
2014,"3,580",748,20.9,"3,532",724,20.5,"3,521",573,16.3,372,32,8.6
20133,"3,775",900,23.9,"3,697",863,23.3,"3,564",584,16.4,400,78,19.5
20134,"3,789",832,22,"3,726",813,21.8,"3,550",569,16,392,49,12.4
2012,"3,598",843,23.4,"3,529",797,22.6,"3,404",571,16.8,347,48,13.8
2011,"3,482",806,23.1,"3,434",774,22.5,"3,361",601,17.9,323,36,11.1
20105,"3,534",888,25.1,"3,440",817,23.7,"3,285",560,17,353,59,16.8
2009,"2,700",683,25.3,"2,654",659,24.8,"2,699",456,16.9,316,29,9.1
2008,"2,570",488,19,"2,540",477,18.8,"2,625",409,15.6,307,44,14.3
2007,"2,321",423,18.2,"2,281",411,18,"2,567",383,14.9,284,40,13.9
2006,"2,333",465,19.9,"2,300",435,18.9,"2,475",316,12.8,295,30,10.2
2005,"2,395",421,17.6,"2,351",401,17,"2,773",390,14.1,305,29,9.4
20046,"2,272",436,19.2,"2,217",410,18.5,"2,752",374,13.6,274,37,13.4
2003,"2,192",414,18.9,"2,150",401,18.7,"2,609",330,12.7,252,26,10.4
2002,"2,085",339,16.3,"2,046",320,15.6,"2,346",308,13.1,238,39,16.4
HISPANIC (ANY RACE)28,,,,,,,,,,,,
2021,"18,647","4,168",22.4,"18,385","4,033",21.9,"38,622","5,547",14.4,"5,213",975,18.7
20201,"18,774","4,338",23.1,"18,512","4,195",22.7,"38,089","5,369",14.1,"4,906",813,16.6
2019,"18,608","3,888",20.9,"18,386","3,796",20.6,"37,207","4,836",13,"4,787",821,17.1
2018,"18,739","4,436",23.7,"18,479","4,316",23.4,"36,673","5,205",14.2,"4,544",884,19.5
20172,"18,595","4,643",25,"18,319","4,525",24.7,"36,136","5,446",15.1,"4,320",726,16.8
2017,"18,575","4,639",25,"18,312","4,519",24.7,"36,156","5,415",15,"4,322",736,17
2016,"18,385","4,890",26.6,"18,129","4,764",26.3,"35,113","5,542",15.8,"4,057",706,17.4
2015,"18,231","5,269",28.9,"17,944","5,139",28.6,"34,686","6,188",17.8,"3,863",676,17.5
2014,"17,995","5,745",31.9,"17,636","5,522",31.3,"33,873","6,701",19.8,"3,636",658,18.1
20133,"17,898","5,907",33,"17,496","5,638",32.2,"32,839","6,746",20.5,"3,443",704,20.4
20134,"17,837","5,415",30.4,"17,559","5,273",30,"32,903","6,654",20.2,"3,405",676,19.8
2012,"17,664","5,976",33.8,"17,341","5,773",33.3,"32,228","6,977",21.6,"3,213",663,20.6
2011,"17,600","6,008",34.1,"17,276","5,820",33.7,"31,643","6,667",21.1,"3,036",569,18.7
20105,"17,371","6,059",34.9,"16,964","5,815",34.3,"30,740","6,948",22.6,"2,860",516,18
2009,"16,965","5,610",33.1,"16,655","5,419",32.5,"29,031","6,224",21.4,"2,815",516,18.3
2008,"16,370","5,010",30.6,"16,138","4,888",30.3,"28,311","5,452",19.3,"2,717",525,19.3
2007,"15,647","4,482",28.6,"15,375","4,348",28.3,"27,731","4,970",17.9,"2,555",438,17.1
2006,"15,147","4,072",26.9,"14,907","3,959",26.6,"27,209","4,698",17.3,"2,428",472,19.4
2005,"14,654","4,143",28.3,"14,361","3,977",27.7,"26,051","4,765",18.3,"2,315",460,19.9
20046,"14,173","4,098",28.9,"13,929","3,985",28.6,"25,324","4,620",18.2,"2,194",403,18.4
2003,"13,730","4,077",29.7,"13,519","3,982",29.5,"24,490","4,568",18.7,"2,080",406,19.5
2002,"13,210","3,782",28.6,"12,971","3,653",28.2,"23,952","4,334",18.1,"2,053",439,21.4
2001,"12,763","3,570",28,"12,539","3,433",27.4,"22,653","4,014",17.7,"1,896",413,21.8
20007,"12,399","3,522",28.4,"12,115","3,342",27.6,"21,734","3,844",17.7,"1,822",381,20.9
19998,"12,188","3,693",30.3,"11,912","3,561",29.9,"20,782","3,843",18.5,"1,661",340,20.5
1998,"11,152","3,837",34.4,"10,921","3,670",33.6,"18,668","3,877",20.8,"1,696",356,21
1997,"10,802","3,972",36.8,"10,625","3,865",36.4,"18,217","3,951",21.7,"1,617",384,23.8
1996,"10,511","4,237",40.3,"10,255","4,090",39.9,"17,587","4,089",23.3,"1,516",370,24.4
19959,"10,213","4,080",40,"10,011","3,938",39.3,"16,673","4,153",24.9,"1,458",342,23.5
199410,"9,822","4,075",41.5,"9,621","3,956",41.1,"16,192","4,018",24.8,"1,428",323,22.6
199311,"9,462","3,873",40.9,"9,188","3,666",39.9,"15,708","3,956",25.2,"1,390",297,21.4
199212,"9,081","3,637",40,"8,829","3,440",39,"15,268","3,668",24,"1,298",287,22.1
199113,"7,648","3,094",40.4,"7,473","2,977",39.8,"13,279","3,008",22.7,"1,143",237,20.8
1990,"7,457","2,865",38.4,"7,300","2,750",37.7,"12,857","2,896",22.5,"1,091",245,22.5
1989,"7,186","2,603",36.2,"7,040","2,496",35.5,"12,536","2,616",20.9,"1,024",211,20.6
198814,"7,003","2,631",37.6,"6,908","2,576",37.3,"12,056","2,501",20.7,"1,005",225,22.4
198714,"6,792","2,670",39.3,"6,692","2,606",38.9,"11,718","2,509",21.4,885,243,27.5
1986,"6,646","2,507",37.7,"6,511","2,413",37.1,"11,206","2,406",21.5,906,204,22.5
198515,"6,475","2,606",40.3,"6,346","2,512",39.6,"10,685","2,411",22.6,915,219,23.9
198416,"6,068","2,376",39.2,"5,982","2,317",38.7,"10,029","2,254",22.5,819,176,21.5
1983,"6,066","2,312",38.1,"5,977","2,251",37.7,"9,697","2,148",22.5,782,173,22.1
1982,"5,527","2,181",39.5,"5,436","2,117",38.9,"8,262","1,963",23.8,596,159,26.6
198117,"5,369","1,925",35.9,"5,291","1,874",35.4,"8,084","1,642",20.3,568,146,25.7
1980,"5,276","1,749",33.2,"5,211","1,718",33,"7,740","1,563",20.2,582,179,30.8
197918,"5,483","1,535",28,"5,426","1,505",27.7,"7,314","1,232",16.8,574,154,26.8
1978,"5,012","1,384",27.6,"4,972","1,354",27.2,"6,527","1,098",16.8,539,125,23.2
1977,"5,028","1,422",28.3,"5,000","1,402",28,"6,500","1,164",17.9,518,113,21.9
1976,"4,771","1,443",30.2,"4,736","1,424",30.1,"6,034","1,212",20.1,464,128,27.7
1975,N,N,N,"4,896","1,619",33.1,N,N,N,N,137,32.6
197419,N,N,N,"4,939","1,414",28.6,N,N,N,N,117,28.9
1973,N,N,N,"4,910","1,364",N,N,N,N,N,95,24.9
1978,"5,012","1,384",27.6,"4,972","1,354",27.2,"6,527","1,098",16.8,539,125,23.2
1977,"5,028","1,422",28.3,"5,000","1,402",28,"6,500","1,164",17.9,518,113,21.9
1976,"4,771","1,443",30.2,"4,736","1,424",30.1,"6,034","1,212",20.1,464,128,27.7
1975,N,N,N,"4,896","1,619",33.1,N,N,N,N,137,32.6
197419,N,N,N,"4,939","1,414",28.6,N,N,N,N,117,28.9
1973,N,N,N,"4,910","1,364",N,N,N,N,N,95,24.9